<?xml version="1.0"?>
<!DOCTYPE hibernate-mapping PUBLIC "-//Hibernate/Hibernate Mapping DTD 3.0//EN"
"http://hibernate.sourceforge.net/hibernate-mapping-3.0.dtd">
<!-- Generated Feb 24, 2010 7:41:56 PM by Hibernate Tools 3.2.6.CR1 -->
<hibernate-mapping>
    <class name="demo.Companies" table="CMSCOMPANIES" schema="PUBLIC">
        <id name="companynumber" type="java.lang.Integer">
            <column name="COMPANYNUMBER" />
            <generator class="identity" />
        </id>
        <property name="city" type="string">
            <column name="CITY" length="50" />
        </property>
        <property name="phone" type="string">
            <column name="PHONE" length="50" />
        </property>
        <property name="addressline1" type="string">
            <column name="ADDRESSLINE1" length="50" />
        </property>
        <property name="state" type="string">
            <column name="STATE" length="50" />
        </property>
        <property name="country" type="string">
            <column name="COUNTRY" length="50" />
        </property>
        <property name="postalcode" type="string">
            <column name="POSTALCODE" length="15" />
        </property>
    </class>
</hibernate-mapping>
