<?xml version="1.0"?>
<!DOCTYPE hibernate-mapping PUBLIC "-//Hibernate/Hibernate Mapping DTD 3.0//EN"
"http://hibernate.sourceforge.net/hibernate-mapping-3.0.dtd">
<!-- Generated Feb 24, 2010 9:17:57 PM by Hibernate Tools 3.2.6.CR1 -->
<hibernate-mapping>
    <class name="demo.Customers" table="CUSTOMERS" schema="PUBLIC">
        <id name="customernumber" type="int">
            <column name="CUSTOMERNUMBER" />
            <generator class="assigned" />
        </id>
        <many-to-one name="employees" class="demo.Employees" fetch="select">
            <column name="SALESREPEMPLOYEENUMBER" />
        </many-to-one>
        <property name="customername" type="string">
            <column name="CUSTOMERNAME" length="50" not-null="true" />
        </property>
        <property name="phone" type="string">
            <column name="PHONE" length="50" not-null="true" />
        </property>
        <property name="city" type="string">
            <column name="CITY" length="50" not-null="true" />
        </property>
        <property name="postalcode" type="string">
            <column name="POSTALCODE" length="15" />
        </property>
        <property name="country" type="string">
            <column name="COUNTRY" length="50" not-null="true" />
        </property>
        <property name="creditlimit" type="java.lang.Double">
            <column name="CREDITLIMIT" precision="0" scale="0" />
        </property>
        <set name="orderses" table="ORDERS" inverse="true" lazy="true" fetch="select">
            <key>
                <column name="CUSTOMERNUMBER" not-null="true" />
            </key>
            <one-to-many class="demo.Orders" />
        </set>
    </class>
</hibernate-mapping>
