<?xml version="1.0"?>
<!DOCTYPE hibernate-mapping PUBLIC "-//Hibernate/Hibernate Mapping DTD 3.0//EN"
"http://hibernate.sourceforge.net/hibernate-mapping-3.0.dtd">
<!-- Generated Feb 24, 2010 9:17:57 PM by Hibernate Tools 3.2.6.CR1 -->
<hibernate-mapping>
    <class name="demo.Orders" table="ORDERS" schema="PUBLIC">
        <id name="ordernumber" type="int">
            <column name="ORDERNUMBER" />
            <generator class="assigned" />
        </id>
        <many-to-one name="customers" class="demo.Customers" fetch="select">
            <column name="CUSTOMERNUMBER" not-null="true" />
        </many-to-one>
        <property name="orderdate" type="date">
            <column name="ORDERDATE" length="0" not-null="true" />
        </property>
        <property name="requireddate" type="date">
            <column name="REQUIREDDATE" length="0" not-null="true" />
        </property>
        <property name="shippeddate" type="date">
            <column name="SHIPPEDDATE" length="0" />
        </property>
        <property name="status" type="string">
            <column name="STATUS" length="16" not-null="true" />
        </property>
        <property name="comments" type="string">
            <column name="COMMENTS" />
        </property>
    </class>
</hibernate-mapping>
