<?xml version="1.0"?>
<!DOCTYPE hibernate-mapping PUBLIC "-//Hibernate/Hibernate Mapping DTD 3.0//EN"
"http://hibernate.sourceforge.net/hibernate-mapping-3.0.dtd">
<!-- Generated Feb 24, 2010 7:41:56 PM by Hibernate Tools 3.2.6.CR1 -->
<hibernate-mapping>
    <class name="demo.Partners" table="CMSPARTNERS" schema="PUBLIC">
        <id name="partnernumber" type="java.lang.Integer">
            <column name="PARTNERNUMBER" />
            <generator class="identity" />
        </id>
        <property name="firstname" type="string">
            <column name="FIRSTNAME" length="50" />
        </property>
        <property name="lastname" type="string">
            <column name="LASTNAME" length="50" />
        </property>
        <property name="email" type="string">
            <column name="EMAIL" length="100" />
        </property>
    </class>
</hibernate-mapping>
