<?xml version="1.0" encoding="utf-8"?>
<!DOCTYPE hibernate-configuration PUBLIC
"-//Hibernate/Hibernate Configuration DTD 3.0//EN"
"http://hibernate.sourceforge.net/hibernate-configuration-3.0.dtd">
<hibernate-configuration>
    <session-factory>
        <property name="hibernate.bytecode.use_reflection_optimizer">false</property>
        <property name="hibernate.connection.driver_class">org.hsqldb.jdbcDriver</property>
        <property name="hibernate.connection.url">jdbc:hsqldb:hsql://localhost:1701/</property>
        <property name="hibernate.connection.username">sa</property>
        <property name="hibernate.dialect">org.hibernate.dialect.HSQLDialect</property>
        <property name="hibernate.search.autoregister_listeners">false</property>
        <mapping class="demo.Orders" />
        <mapping class="demo.Employees" />        
        <mapping class="demo.Customers" />
    </session-factory>
</hibernate-configuration>
