<?xml version="1.0" encoding="UTF-8"?>
<!DOCTYPE hibernate-reverse-engineering PUBLIC "-//Hibernate/Hibernate Reverse Engineering DTD 3.0//EN" "http://hibernate.sourceforge.net/hibernate-reverse-engineering-3.0.dtd" >

<hibernate-reverse-engineering>

	<table-filter match-name="CUSTOMERS" match-schema="PUBLIC"></table-filter>
	<table-filter match-name="EMPLOYEES" match-schema="PUBLIC"></table-filter>
	<table-filter match-name="OFFICES" match-schema="PUBLIC"></table-filter>
	<table-filter match-name="ORDERS" match-schema="PUBLIC"></table-filter>
<table schema="PUBLIC" name="CUSTOMERS" catalog="">
</table>
</hibernate-reverse-engineering>